classification,caption,level_code,table_type,columns
AC,AC-01: annual rates of pay (in dollars),AC-01,STEP,"Effective date, Step 1, Step 2, Step 3, Step 4, Step 5, Step 6, Step 7, Step 8"
AC,AC-01: annual rates of pay (in dollars) – continued,AC-01,STEP_CONTINUATION,"Effective date, Step 9, Step 10, Step 11, Step 12, Step 13, Step 14, Step 15, Step 16"
AC,AC-02: annual rates of pay (in dollars),AC-02,STEP,"Effective date, Step 1, Step 2, Step 3, Step 4, Step 5"
AC,AC-02: annual rates of pay (in dollars) – continued,AC-02,STEP_CONTINUATION,"Effective date, Step 6, Step 7, Step 8, Step 9, Step 10"
AC,AC-03: annual rates of pay (in dollars),AC-03,STEP,"Effective date, Step 1, Step 2, Step 3, Step 4, Step 5"
AC,AC-03: annual rates of pay (in dollars) – continued,AC-03,STEP_CONTINUATION,"Effective date, Step 6, Step 7, Step 8, Step 9, Step 10"
AG,AG-01: annual rates of pay (in dollars),AG-01,STEP,"Effective date, Range/Step 1table AG note *, Step 2, Step 3, Step 4, Step 5, Step 6, Step 7"
AG,AG-02: annual rates of pay (in dollars),AG-02,STEP,"Effective date, Step 1, Step 2, Step 3, Step 4, Step 5, Step 6, Step 7, Step 8"
AG,AG-03: annual rates of pay (in dollars),AG-03,STEP,"Effective date, Step 1, Step 2, Step 3, Step 4, Step 5, Step 6, Step 7, Step 8"
AG,AG-04: annual rates of pay (in dollars),AG-04,STEP,"Effective date, Step 1, Step 2, Step 3, Step 4, Step 5, Step 6"
AG,AG-05: annual rates of pay (in dollars),AG-05,STEP,"Effective date, Step 1, Step 2, Step 3, Step 4, Step 5, Step 6"
AI,AI-01: annual rates of pay (in dollars),AI-01,STEP,"Effective date, Step 1, Step 2, Step 3, Step 4, Step 5, Step 6, Step 7, Step 8"
AI,AI-01: annual rates of pay (in dollars) (continuation),AI-01,STEP,"Effective date, Step 9, Step 10"
AI,AI-02: annual rates of pay (in dollars),AI-02,STEP,"Effective date, Step 1, Step 2, Step 3, Step 4, Step 5, Step 6, Step 7, Step 8"
AI,AI-02: annual rates of pay (in dollars) (continuation),AI-02,STEP,"Effective date, Step 9, Step 10"
AI,AI-03: annual rates of pay (in dollars),AI-03,STEP,"Effective date, Step 1, Step 2, Step 3, Step 4, Step 5, Step 6, Step 7, Step 8"
AI,AI-03: annual rates of pay (in dollars) (continuation),AI-03,STEP,"Effective date, Step 9, Step 10"
AI,AI-04: annual rates of pay (in dollars),AI-04,STEP,"Effective date, Step 1, Step 2, Step 3, Step 4, Step 5, Step 6, Step 7"
AI,AI-04: annual rates of pay (in dollars) (continuation),AI-04,STEP,"Effective date, Step 8, Step 9"
AI,AI-05: annual rates of pay (in dollars),AI-05,STEP,"Effective date, Step 1, Step 2, Step 3, Step 4, Step 5, Step 6, Step 7"
AI,AI-05: annual rates of pay (in dollars) (continuation),AI-05,STEP,"Effective date, Step 8, Step 9"
AI,AI-06: annual rates of pay (in dollars),AI-06,STEP,"Effective date, Step 1, Step 2, Step 3, Step 4, Step 5, Step 6, Step 7"
AI,AI-06: annual rates of pay (in dollars) (continuation),AI-06,STEP,"Effective date, Step 8, Step 9"
AI,AI-07: annual rates of pay (in dollars),AI-07,STEP,"Effective date, Step 1, Step 2, Step 3, Step 4, Step 5, Step 6, Step 7"
AI,AI-07: annual rates of pay (in dollars) (continuation),AI-07,STEP,"Effective date, Step 8, Step 9"
AO,CAI-01: annual rates of pay (in dollars),CAI-01,STEP,"Effective date, Step 1, Step 2, Step 3, Step 4, Step 5"
AO,CAI-02: annual rates of pay (in dollars),CAI-02,STEP,"Effective date, Step 1, Step 2, Step 3, Step 4, Step 5, Step 6, Step 7"
AO,CAI-03: annual rates of pay (in dollars),CAI-03,STEP,"Effective date, Step 1, Step 2, Step 3, Step 4, Step 5, Step 6, Step 7"
AO,CAI-04: annual rates of pay (in dollars),CAI-04,STEP,"Effective date, Step 1, Step 2, Step 3, Step 4, Step 5, Step 6, Step 7"
AO,CAI-05: annual rates of pay (in dollars),CAI-05,STEP,"Effective date, Step 1, Step 2, Step 3, Step 4, Step 5, Step 6, Step 7"
AO,ETP-01: annual rates of pay (in dollars),ETP-01,STEP,"Effective date, Step 1, Step 2, Step 3, Step 4, Step 5, Step 6, Step 7"
AO,HPS-01: annual rates of pay (in dollars),HPS-01,STEP,"Effective date, Step 1, Step 2, Step 3, Step 4, Step 5, Step 6, Step 7"
AO,HPS-02: annual rates of pay (in dollars),HPS-02,STEP,"Effective date, Step 1, Step 2, Step 3, Step 4, Step 5, Step 6, Step 7"
AO,HPS-03: annual rates of pay (in dollars),HPS-03,STEP,"Effective date, Step 1, Step 2, Step 3, Step 4, Step 5, Step 6, Step 7"
AR,,,NO_HEADING,
AS,AS – Development – annual rates of pay (in dollars),,OTHER,"Effective date, Range / Step 1"
AS,AS‐1 – Annual rates of pay (in dollars),AS-1,STEP,"Effective date, Step 1, Step 2, Step 3, Step 4"
AS,AS‐2 – Annual rates of pay (in dollars),AS-2,STEP,"Effective date, Step 1, Step 2, Step 3"
AS,AS‐3 – Annual rates of pay (in dollars),AS-3,STEP,"Effective date, Step 1, Step 2, Step 3"
AS,AS‐4 – Annual rates of pay (in dollars),AS-4,STEP,"Effective date, Step 1, Step 2, Step 3"
AS,AS‐5 – Annual rates of pay (in dollars),AS-5,STEP,"Effective date, Step 1, Step 2, Step 3"
AS,AS‐6 – Annual rates of pay (in dollars),AS-6,STEP,"Effective date, Step 1, Step 2, Step 3"
AS,AS‐7 – Annual rates of pay (in dollars),AS-7,STEP,"Effective date, Step 1, Step 2, Step 3, Step 4, Step 5"
AS,AS‐8 – Annual rates of pay (in dollars),AS-8,RANGE,"Effective date, Range"
BI,BI-01: annual rates of pay (in dollars),BI-01,STEP,"Effective date, Range/Step 1table BI note *, Step 2, Step 3, Step 4, Step 5, Step 6, Step 7"
BI,BI-02: annual rates of pay (in dollars),BI-02,STEP,"Effective date, Step 1, Step 2, Step 3, Step 4, Step 5, Step 6, Step 7, Step 8"
BI,BI-03: annual rates of pay (in dollars),BI-03,STEP,"Effective date, Step 1, Step 2, Step 3, Step 4, Step 5, Step 6, Step 7, Step 8"
BI,BI-04: annual rates of pay (in dollars),BI-04,STEP,"Effective date, Step 1, Step 2, Step 3, Step 4, Step 5, Step 6"
BI,BI-05: annual rates of pay (in dollars),BI-05,STEP,"Effective date, Step 1, Step 2, Step 3, Step 4, Step 5, Step 6"
CH,CH-01: annual rates of pay (in dollars),CH-01,STEP,"Effective date, Range/Step 1table CH note *, Step 2, Step 3, Step 4, Step 5, Step 6, Step 7"
CH,CH-02: annual rates of pay (in dollars),CH-02,STEP,"Effective date, Step 1, Step 2, Step 3, Step 4, Step 5, Step 6, Step 7, Step 8"
CH,CH-03: annual rates of pay (in dollars),CH-03,STEP,"Effective date, Step 1, Step 2, Step 3, Step 4, Step 5, Step 6, Step 7, Step 8"
CH,CH-04: annual rates of pay (in dollars),CH-04,STEP,"Effective date, Step 1, Step 2, Step 3, Step 4, Step 5, Step 6"
CH,CH-05: annual rates of pay (in dollars),CH-05,STEP,"Effective date, Step 1, Step 2, Step 3, Step 4, Step 5, Step 6"
CM,CM‐1 – Annual rates of pay (in dollars),CM-1,STEP,"Effective date, Step 1, Step 2, Step 3, Step 4"
CM,CM‐2 – Annual rates of pay (in dollars),CM-2,STEP,"Effective date, Step 1, Step 2, Step 3"
CM,CM‐3 – Annual rates of pay (in dollars),CM-3,STEP,"Effective date, Step 1, Step 2, Step 3"
CM,CM‐4 – Annual rates of pay (in dollars),CM-4,STEP,"Effective date, Step 1, Step 2, Step 3"
CM,CM‐5 – Annual rates of pay (in dollars),CM-5,STEP,"Effective date, Step 1, Step 2, Step 3, Step 4"
CM,CM‐6 – Annual rates of pay (in dollars),CM-6,STEP,"Effective date, Step 1, Step 2, Step 3, Step 4, Step 5, Step 6"
CM,CM‐7 – Annual rates of pay (in dollars),CM-7,STEP,"Effective date, Step 1, Step 2, Step 3, Step 4, Step 5, Step 6"
CO,CO-DEV/PER: annual rates of pay (in dollars),,RANGE,"Effective date, Range"
CO,CO-01: annual rates of pay (in dollars),CO-01,STEP,"Effective date, Step 1, Step 2, Step 3, Step 4, Step 5, Step 6, Step 7, Step 8"
CO,CO-02: annual rates of pay (in dollars),CO-02,STEP,"Effective date, Step 1, Step 2, Step 3, Step 4, Step 5, Step 6"
CO,CO-02: annual rates of pay (in dollars) (continued),CO-02,STEP_CONTINUATION,"Effective date, Step 7, Step 8, Step 9"
CO,CO-03: annual rates of pay (in dollars),CO-03,STEP,"Effective date, Step 1, Step 2, Step 3, Step 4, Step 5, Step 6, Step 7"
CO,CO-04: annual rates of pay (in dollars),CO-04,STEP,"Effective date, Step 1, Step 2, Step 3, Step 4, Step 5, Step 6"
CR,CR‐1 – Annual rates of pay (in dollars),CR-1,STEP,"Effective date, Step 1, Step 2, Step 3, Step 4, Step 5, Step 6"
CR,CR-2 – Annual rates of pay (in dollars),CR-2,STEP,"Effective date, Step 1, Step 2, Step 3, Step 4"
CR,CR‐3 – Annual rates of pay (in dollars),CR-3,STEP,"Effective date, Step 1, Step 2, Step 3, Step 4"
CR,CR‐4 – Annual rates of pay (in dollars),CR-4,STEP,"Effective date, Step 1, Step 2, Step 3, Step 4"
CR,CR‐5 – Annual rates of pay (in dollars),CR-5,STEP,"Effective date, Step 1, Step 2, Step 3, Step 4"
CR,CR‐6 – Annual rates of pay (in dollars),CR-6,STEP,"Effective date, Step 1, Step 2, Step 3, Step 4"
CR,CR‐7 – Annual rates of pay (in dollars),CR-7,STEP,"Effective date, Step 1, Step 2, Step 3, Step 4"
CT,FI: Development – annual rates of pay (in dollars),,OTHER,"Effective date, Range / Step 1"
CT,CT-FIN: Development – annual rates of pay (in dollars),,OTHER,"Effective date, Range / Step 1"
CT,FI-01: annual rates of pay (in dollars),FI-01,STEP,"Effective date, Step 1, Step 2, Step 3, Step 4, Step 5, Step 6, Step 7"
CT,CT-FIN-01: annual rates of pay (in dollars),CT-FIN-01,STEP,"Effective date, Step 1, Step 2, Step 3, Step 4, Step 5, Step 6, Step 7"
CT,FI-02: annual rates of pay (in dollars),FI-02,STEP,"Effective date, Step 1, Step 2, Step 3, Step 4, Step 5, Step 6, Step 7"
CT,CT-FIN-02: annual rates of pay (in dollars),CT-FIN-02,STEP,"Effective date, Step 1, Step 2, Step 3, Step 4, Step 5, Step 6, Step 7"
CT,FI-03: annual rates of pay (in dollars),FI-03,STEP,"Effective date, Step 1, Step 2, Step 3, Step 4, Step 5, Step 6, Step 7"
CT,CT-FIN-03: annual rates of pay (in dollars),CT-FIN-03,STEP,"Effective date, Step 1, Step 2, Step 3, Step 4, Step 5, Step 6, Step 7"
CT,FI-04: annual rates of pay (in dollars),FI-04,STEP,"Effective date, Step 1, Step 2, Step 3, Step 4, Step 5, Step 6, Step 7"
CT,CT-FIN-04: annual rates of pay (in dollars),CT-FIN-04,STEP,"Effective date, Step 1, Step 2, Step 3, Step 4, Step 5, Step 6, Step 7"
CX,CX-1,CX-1,STEP,"Effective date, Step 1, Step 2, Step 3, Step 4, Step 5"
CX,CX-2,CX-2,STEP,"Effective date, Step 1, Step 2, Step 3, Step 4, Step 5"
CX,CX-3,CX-3,STEP,"Effective date, Step 1, Step 2, Step 3, Step 4, Step 5"
DA,DA‐CON‐1 – Annual rates of pay (in dollars),DA-CON-1,STEP,"Effective date, Step 1, Step 2, Step 3, Step 4, Step 5, Step 6"
DA,DA‐CON‐1 – Annual rates of pay (in dollars) (continued),DA-CON-1,STEP_CONTINUATION,"Effective date, Step 7, Step 8, Step 9, Step 10"
DA,DA-CON-2 – Annual rates of pay (in dollars),DA-CON-2,STEP,"Effective date, Step 1, Step 2, Step 3, Step 4, Step 5, Step 6"
DA,DA‐CON‐3 – Annual rates of pay (in dollars),DA-CON-3,STEP,"Effective date, Step 1, Step 2, Step 3, Step 4"
DA,DA‐CON‐4 – Annual rates of pay (in dollars),DA-CON-4,STEP,"Effective date, Step 1, Step 2, Step 3, Step 4"
DA,DA‐CON‐5 – Annual rates of pay (in dollars),DA-CON-5,STEP,"Effective date, Step 1, Step 2, Step 3, Step 4"
DA,DA‐CON‐6 – Annual rates of pay (in dollars),DA-CON-6,STEP,"Effective date, Step 1, Step 2, Step 3, Step 4"
DA,DA‐CON‐7 – Annual rates of pay (in dollars),DA-CON-7,STEP,"Effective date, Step 1, Step 2, Step 3, Step 4"
DA,DA‐CON‐8 – Annual rates of pay (in dollars),DA-CON-8,STEP,"Effective date, Step 1, Step 2, Step 3, Step 4"
DA,Special level C – Annual rates of pay (in dollars),,STEP,"Effective date, Step 1"
DA,DA‐PRO‐1 – Annual rates of pay (in dollars),DA-PRO-1,STEP,"Effective date, Step 1, Step 2, Step 3, Step 4, Step 5, Step 6"
DA,DA‐PRO‐1 – Annual rates of pay (in dollars) (continued),DA-PRO-1,STEP_CONTINUATION,"Effective date, Step 7, Step 8, Step 9, Step 10, Step 11, Step 12"
DA,DA‐PRO‐2 – Annual rates of pay (in dollars),DA-PRO-2,STEP,"Effective date, Step 1, Step 2, Step 3"
DA,DA‐PRO‐3 – Annual rates of pay (in dollars),DA-PRO-3,STEP,"Effective date, Step 1, Step 2, Step 3"
DA,DA‐PRO‐4 – Annual rates of pay (in dollars),DA-PRO-4,STEP,"Effective date, Step 1, Step 2, Step 3"
DA,DA‐PRO‐5 – Annual rates of pay (in dollars),DA-PRO-5,STEP,"Effective date, Step 1, Step 2, Step 3"
DA,DA‐PRO‐6 – Annual rates of pay (in dollars),DA-PRO-6,STEP,"Effective date, Step 1, Step 2, Step 3"
DA,DA‐PRO‐7 – Annual rates of pay (in dollars),DA-PRO-7,STEP,"Effective date, Step 1, Step 2, Step 3"
DD,DD-1 – Steps 1 to 5,DD-1,STEP,"Effective date, Step 1, Step 2, Step 3, Step 4, Step 5"
DD,DD-1 – Steps 6 to 8,DD-1,STEP_CONTINUATION,"Effective date, Step 6, Step 7, Step 8"
DD,DD-2 – Steps 1 to 5,DD-2,STEP,"Effective date, Step 1, Step 2, Step 3, Step 4, Step 5"
DD,DD-2 – Steps 6 to 8,DD-2,STEP_CONTINUATION,"Effective date, Step 6, Step 7, Step 8"
DD,DD-3,DD-3,STEP,"Effective date, Step 1, Step 2, Step 3, Step 4, Step 5"
DD,DD-4 - Steps 1 to 5,DD-4,STEP,"Effective date, Step 1, Step 2, Step 3, Step 4, Step 5"
DD,DD-4 - Steps 6 to 7,DD-4,STEP_CONTINUATION,"Effective date, Step 6, Step 7"
DD,DD-5,DD-5,STEP,"Effective date, Step 1, Step 2, Step 3, Step 4, Step 5"
DD,DD-6,DD-6,STEP,"Effective date, Step 1, Step 2, Step 3, Step 4, Step 5"
DD,DD-7,DD-7,STEP,"Effective date, Step 1, Step 2, Step 3, Step 4, Step 5"
DD,DD-8,DD-8,STEP,"Effective date, Step 1, Step 2, Step 3, Step 4, Step 5"
DD,DD-9,DD-9,STEP,"Effective date, Step 1, Step 2, Step 3, Step 4, Step 5"
DE,DE-1: annual rates of pay (in dollars),DE-1,STEP,"Effective date, Step 1, Step 2, Step 3, Step 4, Step 5, Step 6, Step 7, Step 8"
DE,DE-2: annual rates of pay (in dollars),DE-2,STEP,"Effective date, Step 1, Step 2, Step 3, Step 4, Step 5, Step 6, Step 7, Step 8"
DE,DE-3: annual rates of pay (in dollars),DE-3,STEP,"Effective date, Step 1, Step 2, Step 3, Step 4, Step 5, Step 6, Step 7, Step 8"
DS,DS-1: annual rates of pay (in dollars),DS-1,OTHER,"Effective date, Range / Step 1"
DS,DS-2: annual rates of pay (in dollars),DS-2,STEP,"Effective date, Step 1, Step 2, Step 3, Step 4, Step 5"
DS,DS-3: annual rates of pay (in dollars),DS-3,STEP,"Effective date, Step 1, Step 2, Step 3, Step 4, Step 5, Step 6, Step 7"
DS,DS-4: annual rates of pay (in dollars),DS-4,STEP,"Effective date, Step 1, Step 2, Step 3, Step 4, Step 5, Step 6, Step 7, Step 8"
DS,DS-4: annual rates of pay (in dollars) (continued),DS-4,STEP_CONTINUATION,"Effective date, Step 9, Step 10, Step 11, Step 12, Step 13"
DS,DS-5: annual rates of pay (in dollars),DS-5,STEP,"Effective date, Step 1, Step 2, Step 3, Step 4, Step 5, Step 6, Step 7, Step 8"
DS,DS-5: annual rates of pay (in dollars) (continued),DS-5,STEP_CONTINUATION,"Effective date, Step 9, Step 10"
DS,DS-6: annual rates of pay (in dollars),DS-6,STEP,"Effective date, Step 1, Step 2, Step 3, Step 4, Step 5, Step 6, Step 7"
DS,DS-7: annual rates of pay (in dollars),DS-7,STEP,"Effective date, Step 1, Step 2, Step 3, Step 4, Step 5"
EAV,AU-01: annual rates of pay (in dollars),AU-01,STEP,"Effective date, Step 1, Step 2, Step 3, Step 4, Step 5, Step 6, Step 7, Step 8, Step 9"
EAV,CT-EAV-01: annual rates of pay (in dollars),CT-EAV-01,STEP,"Effective date, Step 1, Step 2, Step 3, Step 4, Step 5, Step 6, Step 7, Step 8, Step 9"
EAV,AU-02: annual rates of pay (in dollars),AU-02,STEP,"Effective date, Step 1, Step 2, Step 3, Step 4, Step 5, Step 6, Step 7, Step 8"
EAV,CT-EAV-02: annual rates of pay (in dollars),CT-EAV-02,STEP,"Effective date, Step 1, Step 2, Step 3, Step 4, Step 5, Step 6, Step 7, Step 8"
EAV,AU-03: annual rates of pay (in dollars),AU-03,STEP,"Effective date, Step 1, Step 2, Step 3, Step 4, Step 5, Step 6, Step 7"
EAV,CT-EAV-03: annual rates of pay (in dollars),CT-EAV-03,STEP,"Effective date, Step 1, Step 2, Step 3, Step 4, Step 5, Step 6, Step 7"
EAV,AU-04: annual rates of pay (in dollars),AU-04,STEP,"Effective date, Step 1, Step 2, Step 3, Step 4, Step 5, Step 6, Step 7"
EAV,CT-EAV-04: annual rates of pay (in dollars),CT-EAV-04,STEP,"Effective date, Step 1, Step 2, Step 3, Step 4, Step 5, Step 6, Step 7"
EAV,AU-05: annual rates of pay (in dollars),AU-05,STEP,"Effective date, Step 1, Step 2, Step 3, Step 4, Step 5, Step 6, Step 7"
EAV,CT-EAV-05: annual rates of pay (in dollars),CT-EAV-05,STEP,"Effective date, Step 1, Step 2, Step 3, Step 4, Step 5, Step 6, Step 7"
EAV,AU-06: annual rates of pay (in dollars),AU-06,STEP,"Effective date, Step 1, Step 2, Step 3, Step 4, Step 5, Step 6, Step 7"
EAV,CT-EAV-06: annual rates of pay (in dollars),CT-EAV-06,STEP,"Effective Date, Step 1, Step 2, Step 3, Step 4, Step 5, Step 6, Step 7"
EC,,,NO_HEADING,
ED-EDS,EDS-1,EDS-1,STEP,"Effective date, Step 1, Step 2, Step 3, Step 4, Step 5"
ED-EDS,EDS-2,EDS-2,STEP,"Effective date, Step 1, Step 2, Step 3"
ED-EDS,EDS-3,EDS-3,STEP,"Effective date, Step 1, Step 2, Step 3"
ED-EDS,EDS-4,EDS-4,STEP,"Effective date, Step 1, Step 2, Step 3"
ED-EDS,EDS-5,EDS-5,STEP,"Effective date, Step 1, Step 2, Step 3"
ED-EST,,,OTHER,"Teaching experience, Level 1  $)  1/7/20, A)  1/7/21, B)  1/7/22, X)  1/7/22, C)  1/7/23, Y)  1/7/23, D)  1/7/24, Z)  1/7/24"
ED-EST,,,OTHER,"Teaching experience, Level 2  $)  1/7/20, A)  1/7/21, B)  1/7/22, X)  1/7/22, C)  1/7/23, Y)  1/7/23, D)  1/7/24, Z)  1/7/24"
ED-EST,,,OTHER,"Teaching experience, Level 3  $)  1/7/20, A)  1/7/21, B)  1/7/22, X)  1/7/22, C)  1/7/23, Y)  1/7/23, D)  1/7/24, Z)  1/7/24"
ED-EST,,,OTHER,"Teaching experience, Level 4  $)  1/7/20, A)  1/7/21, B)  1/7/22, X)  1/7/22, C)  1/7/23, Y)  1/7/23, D)  1/7/24, Z)  1/7/24"
ED-EST,,,OTHER,"Teaching experience, Level 5  $)  1/7/20, A)  1/7/21, B)  1/7/22, X)  1/7/22, C)  1/7/23, Y)  1/7/23, D)  1/7/24, Z)  1/7/24"
ED-EST,,,OTHER,"Teaching experience, Level 6  $)  1/7/20, A)  1/7/21, B)  1/7/22, X)  1/7/22, C)  1/7/23, Y)  1/7/23, D)  1/7/24, Z)  1/7/24"
ED-EST,,,OTHER,"Teaching experience, Level 1, 1/7/21, 1/7/22, 1/7/22.1, 1/7/23, 1/7/23.1, 1/7/24, 1/7/24.1"
ED-EST,,,OTHER,"Teaching experience, Level 2, 1/7/21, 1/7/22, 1/7/22.1, 1/7/23, 1/7/23.1, 1/7/24, 1/7/24.1"
ED-EST,,,OTHER,"Teaching experience, Level 3, 1/7/21, 1/7/22, 1/7/22.1, 1/7/23, 1/7/23.1, 1/7/24, 1/7/24.1"
ED-EST,,,OTHER,"Teaching experience, Level 4, 1/7/21, 1/7/22, 1/7/22.1, 1/7/23, 1/7/23.1, 1/7/24, 1/7/24.1"
ED-EST,,,OTHER,"Teaching experience, Level 5, 1/7/21, 1/7/22, 1/7/22.1, 1/7/23, 1/7/23.1, 1/7/24, 1/7/24.1"
ED-EST,,,OTHER,"Teaching experience, Level 6, 1/7/21, 1/7/22, 1/7/22.1, 1/7/23, 1/7/23.1, 1/7/24, 1/7/24.1"
ED-EST,,,OTHER,"Teaching experience, Level 1, 1/7/21, 1/7/22, 1/7/22.1, 1/7/23, 1/7/23.1, 1/7/24, 1/7/24.1"
ED-EST,,,OTHER,"Teaching experience, Level 2, 1/7/21, 1/7/22, 1/7/22.1, 1/7/23, 1/7/23.1, 1/7/24, 1/7/24.1"
ED-EST,,,OTHER,"Teaching experience, Level 3, 1/7/21, 1/7/22, 1/7/22.1, 1/7/23, 1/7/23.1, 1/7/24, 1/7/24.1"
ED-EST,,,OTHER,"Teaching experience, Level 4, 1/7/21, 1/7/22, 1/7/22.1, 1/7/23, 1/7/23.1, 1/7/24, 1/7/24.1"
ED-EST,,,OTHER,"Teaching experience, Level 5, 1/7/21, 1/7/22, 1/7/22.1, 1/7/23, 1/7/23.1, 1/7/24, 1/7/24.1"
ED-EST,,,OTHER,"Teaching experience, Level 6, 1/7/21, 1/7/22, 1/7/22.1, 1/7/23, 1/7/23.1, 1/7/24, 1/7/24.1"
ED-EST,,,OTHER,"Teaching experience, Level 1, 1/7/21, 1/7/22, 1/7/22.1, 1/7/23, 1/7/23.1, 1/7/24, 1/7/24.1"
ED-EST,,,OTHER,"Teaching experience, Level 2, 1/7/21, 1/7/22, 1/7/22.1, 1/7/23, 1/7/23.1, 1/7/24, 1/7/24.1"
ED-EST,,,OTHER,"Teaching experience, Level 3, 1/7/21, 1/7/22, 1/7/22.1, 1/7/23, 1/7/23.1, 1/7/24, 1/7/24.1"
ED-EST,,,OTHER,"Teaching experience, Level 4, 1/7/21, 1/7/22, 1/7/22.1, 1/7/23, 1/7/23.1, 1/7/24, 1/7/24.1"
ED-EST,,,OTHER,"Teaching experience, Level 5, 1/7/21, 1/7/22, 1/7/22.1, 1/7/23, 1/7/23.1, 1/7/24, 1/7/24.1"
ED-EST,,,OTHER,"Teaching experience, Level 6, 1/7/21, 1/7/22, 1/7/22.1, 1/7/23, 1/7/23.1, 1/7/24, 1/7/24.1"
ED-EST,,,OTHER,"Teaching experience, Level 1, 1/7/21, 1/7/22, 1/7/22.1, 1/7/23, 1/7/23.1, 1/7/24, 1/7/24.1"
ED-EST,,,OTHER,"Teaching experience, Level 2, 1/7/21, 1/7/22, 1/7/22.1, 1/7/23, 1/7/23.1, 1/7/24, 1/7/24.1"
ED-EST,,,OTHER,"Teaching experience, Level 3, 1/7/21, 1/7/22, 1/7/22.1, 1/7/23, 1/7/23.1, 1/7/24, 1/7/24.1"
ED-EST,,,OTHER,"Teaching experience, Level 4, 1/7/21, 1/7/22, 1/7/22.1, 1/7/23, 1/7/23.1, 1/7/24, 1/7/24.1"
ED-EST,,,OTHER,"Teaching experience, Level 5, 1/7/21, 1/7/22, 1/7/22.1, 1/7/23, 1/7/23.1, 1/7/24, 1/7/24.1"
ED-EST,,,OTHER,"Teaching experience, Level 6, 1/7/21, 1/7/22, 1/7/22.1, 1/7/23, 1/7/23.1, 1/7/24, 1/7/24.1"
ED-EST,,,OTHER,"Teaching experience, Level 1, 1/7/21, 1/7/22, 1/7/22.1, 1/7/23, 1/7/23.1, 1/7/24, 1/7/24.1"
ED-EST,,,OTHER,"Teaching experience, Level 2, 1/7/21, 1/7/22, 1/7/22.1, 1/7/23, 1/7/23.1, 1/7/24, 1/7/24.1"
ED-EST,,,OTHER,"Teaching experience, Level 3, 1/7/21, 1/7/22, 1/7/22.1, 1/7/23, 1/7/23.1, 1/7/24, 1/7/24.1"
ED-EST,,,OTHER,"Teaching experience, Level 4, 1/7/21, 1/7/22, 1/7/22.1, 1/7/23, 1/7/23.1, 1/7/24, 1/7/24.1"
ED-EST,,,OTHER,"Teaching experience, Level 5, 1/7/21, 1/7/22, 1/7/22.1, 1/7/23, 1/7/23.1, 1/7/24, 1/7/24.1"
ED-EST,,,OTHER,"Teaching experience, Level 6, 1/7/21, 1/7/22, 1/7/22.1, 1/7/23, 1/7/23.1, 1/7/24, 1/7/24.1"
ED-EST,,,OTHER,"Teaching experience, Level 1, 1/7/21, 1/7/22, 1/7/22.1, 1/7/23, 1/7/23.1, 1/7/24, 1/7/24.1"
ED-EST,,,OTHER,"Teaching experience, Level 2, 1/7/21, 1/7/22, 1/7/22.1, 1/7/23, 1/7/23.1, 1/7/24, 1/7/24.1"
ED-EST,,,OTHER,"Teaching experience, Level 3, 1/7/21, 1/7/22, 1/7/22.1, 1/7/23, 1/7/23.1, 1/7/24, 1/7/24.1"
ED-EST,,,OTHER,"Teaching experience, Level 4, 1/7/21, 1/7/22, 1/7/22.1, 1/7/23, 1/7/23.1, 1/7/24, 1/7/24.1"
ED-EST,,,OTHER,"Teaching experience, Level 5, 1/7/21, 1/7/22, 1/7/22.1, 1/7/23, 1/7/23.1, 1/7/24, 1/7/24.1"
ED-EST,,,OTHER,"Teaching experience, Level 6, 1/7/21, 1/7/22, 1/7/22.1, 1/7/23, 1/7/23.1, 1/7/24, 1/7/24.1"
ED-EST,,,OTHER,"Teaching experience, Level 1, 1/7/21, 1/7/22, 1/7/22.1, 1/7/23, 1/7/23.1, 1/7/24, 1/7/24.1"
ED-EST,,,OTHER,"Teaching experience, Level 2, 1/7/21, 1/7/22, 1/7/22.1, 1/7/23, 1/7/23.1, 1/7/24, 1/7/24.1"
ED-EST,,,OTHER,"Teaching experience, Level 3, 1/7/21, 1/7/22, 1/7/22.1, 1/7/23, 1/7/23.1, 1/7/24, 1/7/24.1"
ED-EST,,,OTHER,"Teaching experience, Level 4, 1/7/21, 1/7/22, 1/7/22.1, 1/7/23, 1/7/23.1, 1/7/24, 1/7/24.1"
ED-EST,,,OTHER,"Teaching experience, Level 5, 1/7/21, 1/7/22, 1/7/22.1, 1/7/23, 1/7/23.1, 1/7/24, 1/7/24.1"
ED-EST,,,OTHER,"Teaching experience, Level 6, 1/7/21, 1/7/22, 1/7/22.1, 1/7/23, 1/7/23.1, 1/7/24, 1/7/24.1"
ED-LAT,,,OTHER,"Teaching experience, Level 1, 1/7/21, 1/7/22, 1/7/22.1, 1/7/23, 1/7/23.1, 1/7/24, 1/7/24.1"
ED-LAT,,,OTHER,"Teaching experience, Level 2, 1/7/21, 1/7/22, 1/7/22.1, 1/7/23, 1/7/23.1, 1/7/24, 1/7/24.1"
ED-LAT,,,OTHER,"Teaching experience, Level 3, 1/7/21, 1/7/22, 1/7/22.1, 1/7/23, 1/7/23.1, 1/7/24, 1/7/24.1"
ED-LAT,,,OTHER,"Teaching experience, Level 4, 1/7/21, 1/7/22, 1/7/22.1, 1/7/23, 1/7/23.1, 1/7/24, 1/7/24.1"
ED-LAT,,,OTHER,"Teaching experience, Level 1, 1/7/21, 1/7/22, 1/7/22.1, 1/7/23, 1/7/23.1, 1/7/24, 1/7/24.1"
ED-LAT,,,OTHER,"Teaching experience, Level 2, 1/7/21, 1/7/22, 1/7/22.1, 1/7/23, 1/7/23.1, 1/7/24, 1/7/24.1"
ED-LAT,,,OTHER,"Teaching experience, Level 3, 1/7/21, 1/7/22, 1/7/22.1, 1/7/23, 1/7/23.1, 1/7/24, 1/7/24.1"
ED-LAT,,,OTHER,"Teaching experience, Level 4, 1/7/21, 1/7/22, 1/7/22.1, 1/7/23, 1/7/23.1, 1/7/24, 1/7/24.1"
EDS,EDS-1,EDS-1,STEP,"Effective date, Step 1, Step 2, Step 3, Step 4, Step 5"
EDS,EDS-2,EDS-2,STEP,"Effective date, Step 1, Step 2, Step 3"
EDS,EDS-3,EDS-3,STEP,"Effective date, Step 1, Step 2, Step 3"
EDS,EDS-4,EDS-4,STEP,"Effective date, Step 1, Step 2, Step 3"
EDS,EDS-5,EDS-5,STEP,"Effective date, Step 1, Step 2, Step 3"
EG,EG-1,EG-1,STEP,"Effective date, Step 1, Step 2, Step 3, Step 4, Step 5, Step 6, Step 7"
EG,EG-2,EG-2,STEP,"Effective date, Step 1, Step 2, Step 3, Step 4, Step 5, Step 6, Step 7"
EG,EG-3,EG-3,STEP,"Effective date, Step 1, Step 2, Step 3, Step 4, Step 5, Step 6, Step 7"
EG,EG-4,EG-4,STEP,"Effective date, Step 1, Step 2, Step 3, Step 4, Step 5, Step 6, Step 7"
EG,EG-5,EG-5,STEP,"Effective date, Step 1, Step 2, Step 3, Step 4, Step 5, Step 6, Step 7"
EG,EG-6,EG-6,STEP,"Effective date, Step 1, Step 2, Step 3, Step 4, Step 5, Step 6, Step 7"
EG,EG-7,EG-7,STEP,"Effective date, Step 1, Step 2, Step 3, Step 4, Step 5, Step 6, Step 7"
EG,EG-8,EG-8,STEP,"Effective date, Step 1, Step 2, Step 3, Step 4, Step 5, Step 6, Step 7"
EL,EL-01: annual rates of pay (in dollars),EL-01,STEP,"Effective date, Step 1, Step 2, Step 3, Step 4, Step 5"
EL,EL-01: annual rates of pay (in dollars): continuation,EL-01,STEP,"Effective date, Step 6, Step 7, Step 8, Step 9, Step 10"
EL,EL-02: annual rates of pay (in dollars),EL-02,STEP,"Effective date, Step 1, Step 2, Step 3, Step 4, Step 5"
EL,EL-03: annual rates of pay (in dollars),EL-03,STEP,"Effective date, Step 1, Step 2, Step 3, Step 4, Step 5"
EL,EL-04: annual rates of pay (in dollars),EL-04,STEP,"Effective date, Step 1, Step 2, Step 3, Step 4, Step 5, Step 6"
EL,EL-05: annual rates of pay (in dollars),EL-05,STEP,"Effective date, Step 1, Step 2, Step 3, Step 4, Step 5, Step 6"
EL,EL-06: annual rates of pay (in dollars),EL-06,STEP,"Effective date, Step 1, Step 2, Step 3, Step 4, Step 5, Step 6"
EL,EL-07: annual rates of pay (in dollars),EL-07,STEP,"Effective date, Step 1, Step 2, Step 3, Step 4, Step 5, Step 6"
EL,EL-08: annual rates of pay (in dollars),EL-08,STEP,"Effective date, Step 1, Step 2, Step 3, Step 4, Step 5, Step 6"
EL,EL-09: annual rates of pay (in dollars),EL-09,STEP,"Effective date, Step 1, Step 2, Step 3, Step 4, Step 5, Step 6"
EN,EN‑ENG‑01: annual rates of  pay (in dollars),EN-ENG-01,RANGE,"Effective date, Range"
EN,EN‑ENG‑02:  annual rates of pay (in dollars),EN-ENG-02,STEP,"Effective date, Step 1, Step 2, Step 3, Step 4, Step 5"
EN,EN‑ENG‑03:  annual rates of pay (in dollars),EN-ENG-03,STEP,"Effective date, Step 1, Step 2, Step 3, Step 4, Step 5, Step 6, Step 7"
EN,EN‑ENG‑04:  annual rates of pay (in dollars),EN-ENG-04,STEP,"Effective date, Step 1, Step 2, Step 3, Step 4, Step 5, Step 6"
EN,EN‑ENG‑05: annual rates of pay (in dollars),EN-ENG-05,STEP,"Effective date, Step 1, Step 2, Step 3, Step 4, Step 5, Step 6"
EN,EN‑ENG‑06:  annual rates of pay (in dollars),EN-ENG-06,STEP,"Effective date, Step 1, Step 2, Step 3, Step 4, Step 5, Step 6"
EST,,,OTHER,"Teaching experience, Level 1  $)  1/7/20, A)  1/7/21, B)  1/7/22, X)  1/7/22, C)  1/7/23, Y)  1/7/23, D)  1/7/24, Z)  1/7/24"
EST,,,OTHER,"Teaching experience, Level 2  $)  1/7/20, A)  1/7/21, B)  1/7/22, X)  1/7/22, C)  1/7/23, Y)  1/7/23, D)  1/7/24, Z)  1/7/24"
EST,,,OTHER,"Teaching experience, Level 3  $)  1/7/20, A)  1/7/21, B)  1/7/22, X)  1/7/22, C)  1/7/23, Y)  1/7/23, D)  1/7/24, Z)  1/7/24"
EST,,,OTHER,"Teaching experience, Level 4  $)  1/7/20, A)  1/7/21, B)  1/7/22, X)  1/7/22, C)  1/7/23, Y)  1/7/23, D)  1/7/24, Z)  1/7/24"
EST,,,OTHER,"Teaching experience, Level 5  $)  1/7/20, A)  1/7/21, B)  1/7/22, X)  1/7/22, C)  1/7/23, Y)  1/7/23, D)  1/7/24, Z)  1/7/24"
EST,,,OTHER,"Teaching experience, Level 6  $)  1/7/20, A)  1/7/21, B)  1/7/22, X)  1/7/22, C)  1/7/23, Y)  1/7/23, D)  1/7/24, Z)  1/7/24"
EST,,,OTHER,"Teaching experience, Level 1, 1/7/21, 1/7/22, 1/7/22.1, 1/7/23, 1/7/23.1, 1/7/24, 1/7/24.1"
EST,,,OTHER,"Teaching experience, Level 2, 1/7/21, 1/7/22, 1/7/22.1, 1/7/23, 1/7/23.1, 1/7/24, 1/7/24.1"
EST,,,OTHER,"Teaching experience, Level 3, 1/7/21, 1/7/22, 1/7/22.1, 1/7/23, 1/7/23.1, 1/7/24, 1/7/24.1"
EST,,,OTHER,"Teaching experience, Level 4, 1/7/21, 1/7/22, 1/7/22.1, 1/7/23, 1/7/23.1, 1/7/24, 1/7/24.1"
EST,,,OTHER,"Teaching experience, Level 5, 1/7/21, 1/7/22, 1/7/22.1, 1/7/23, 1/7/23.1, 1/7/24, 1/7/24.1"
EST,,,OTHER,"Teaching experience, Level 6, 1/7/21, 1/7/22, 1/7/22.1, 1/7/23, 1/7/23.1, 1/7/24, 1/7/24.1"
EST,,,OTHER,"Teaching experience, Level 1, 1/7/21, 1/7/22, 1/7/22.1, 1/7/23, 1/7/23.1, 1/7/24, 1/7/24.1"
EST,,,OTHER,"Teaching experience, Level 2, 1/7/21, 1/7/22, 1/7/22.1, 1/7/23, 1/7/23.1, 1/7/24, 1/7/24.1"
EST,,,OTHER,"Teaching experience, Level 3, 1/7/21, 1/7/22, 1/7/22.1, 1/7/23, 1/7/23.1, 1/7/24, 1/7/24.1"
EST,,,OTHER,"Teaching experience, Level 4, 1/7/21, 1/7/22, 1/7/22.1, 1/7/23, 1/7/23.1, 1/7/24, 1/7/24.1"
EST,,,OTHER,"Teaching experience, Level 5, 1/7/21, 1/7/22, 1/7/22.1, 1/7/23, 1/7/23.1, 1/7/24, 1/7/24.1"
EST,,,OTHER,"Teaching experience, Level 6, 1/7/21, 1/7/22, 1/7/22.1, 1/7/23, 1/7/23.1, 1/7/24, 1/7/24.1"
EST,,,OTHER,"Teaching experience, Level 1, 1/7/21, 1/7/22, 1/7/22.1, 1/7/23, 1/7/23.1, 1/7/24, 1/7/24.1"
EST,,,OTHER,"Teaching experience, Level 2, 1/7/21, 1/7/22, 1/7/22.1, 1/7/23, 1/7/23.1, 1/7/24, 1/7/24.1"
EST,,,OTHER,"Teaching experience, Level 3, 1/7/21, 1/7/22, 1/7/22.1, 1/7/23, 1/7/23.1, 1/7/24, 1/7/24.1"
EST,,,OTHER,"Teaching experience, Level 4, 1/7/21, 1/7/22, 1/7/22.1, 1/7/23, 1/7/23.1, 1/7/24, 1/7/24.1"
EST,,,OTHER,"Teaching experience, Level 5, 1/7/21, 1/7/22, 1/7/22.1, 1/7/23, 1/7/23.1, 1/7/24, 1/7/24.1"
EST,,,OTHER,"Teaching experience, Level 6, 1/7/21, 1/7/22, 1/7/22.1, 1/7/23, 1/7/23.1, 1/7/24, 1/7/24.1"
EST,,,OTHER,"Teaching experience, Level 1, 1/7/21, 1/7/22, 1/7/22.1, 1/7/23, 1/7/23.1, 1/7/24, 1/7/24.1"
EST,,,OTHER,"Teaching experience, Level 2, 1/7/21, 1/7/22, 1/7/22.1, 1/7/23, 1/7/23.1, 1/7/24, 1/7/24.1"
EST,,,OTHER,"Teaching experience, Level 3, 1/7/21, 1/7/22, 1/7/22.1, 1/7/23, 1/7/23.1, 1/7/24, 1/7/24.1"
EST,,,OTHER,"Teaching experience, Level 4, 1/7/21, 1/7/22, 1/7/22.1, 1/7/23, 1/7/23.1, 1/7/24, 1/7/24.1"
EST,,,OTHER,"Teaching experience, Level 5, 1/7/21, 1/7/22, 1/7/22.1, 1/7/23, 1/7/23.1, 1/7/24, 1/7/24.1"
EST,,,OTHER,"Teaching experience, Level 6, 1/7/21, 1/7/22, 1/7/22.1, 1/7/23, 1/7/23.1, 1/7/24, 1/7/24.1"
EST,,,OTHER,"Teaching experience, Level 1, 1/7/21, 1/7/22, 1/7/22.1, 1/7/23, 1/7/23.1, 1/7/24, 1/7/24.1"
EST,,,OTHER,"Teaching experience, Level 2, 1/7/21, 1/7/22, 1/7/22.1, 1/7/23, 1/7/23.1, 1/7/24, 1/7/24.1"
EST,,,OTHER,"Teaching experience, Level 3, 1/7/21, 1/7/22, 1/7/22.1, 1/7/23, 1/7/23.1, 1/7/24, 1/7/24.1"
EST,,,OTHER,"Teaching experience, Level 4, 1/7/21, 1/7/22, 1/7/22.1, 1/7/23, 1/7/23.1, 1/7/24, 1/7/24.1"
EST,,,OTHER,"Teaching experience, Level 5, 1/7/21, 1/7/22, 1/7/22.1, 1/7/23, 1/7/23.1, 1/7/24, 1/7/24.1"
EST,,,OTHER,"Teaching experience, Level 6, 1/7/21, 1/7/22, 1/7/22.1, 1/7/23, 1/7/23.1, 1/7/24, 1/7/24.1"
EST,,,OTHER,"Teaching experience, Level 1, 1/7/21, 1/7/22, 1/7/22.1, 1/7/23, 1/7/23.1, 1/7/24, 1/7/24.1"
EST,,,OTHER,"Teaching experience, Level 2, 1/7/21, 1/7/22, 1/7/22.1, 1/7/23, 1/7/23.1, 1/7/24, 1/7/24.1"
EST,,,OTHER,"Teaching experience, Level 3, 1/7/21, 1/7/22, 1/7/22.1, 1/7/23, 1/7/23.1, 1/7/24, 1/7/24.1"
EST,,,OTHER,"Teaching experience, Level 4, 1/7/21, 1/7/22, 1/7/22.1, 1/7/23, 1/7/23.1, 1/7/24, 1/7/24.1"
EST,,,OTHER,"Teaching experience, Level 5, 1/7/21, 1/7/22, 1/7/22.1, 1/7/23, 1/7/23.1, 1/7/24, 1/7/24.1"
EST,,,OTHER,"Teaching experience, Level 6, 1/7/21, 1/7/22, 1/7/22.1, 1/7/23, 1/7/23.1, 1/7/24, 1/7/24.1"
EST,,,OTHER,"Teaching experience, Level 1, 1/7/21, 1/7/22, 1/7/22.1, 1/7/23, 1/7/23.1, 1/7/24, 1/7/24.1"
EST,,,OTHER,"Teaching experience, Level 2, 1/7/21, 1/7/22, 1/7/22.1, 1/7/23, 1/7/23.1, 1/7/24, 1/7/24.1"
EST,,,OTHER,"Teaching experience, Level 3, 1/7/21, 1/7/22, 1/7/22.1, 1/7/23, 1/7/23.1, 1/7/24, 1/7/24.1"
EST,,,OTHER,"Teaching experience, Level 4, 1/7/21, 1/7/22, 1/7/22.1, 1/7/23, 1/7/23.1, 1/7/24, 1/7/24.1"
EST,,,OTHER,"Teaching experience, Level 5, 1/7/21, 1/7/22, 1/7/22.1, 1/7/23, 1/7/23.1, 1/7/24, 1/7/24.1"
EST,,,OTHER,"Teaching experience, Level 6, 1/7/21, 1/7/22, 1/7/22.1, 1/7/23, 1/7/23.1, 1/7/24, 1/7/24.1"
EU,Maritimes,,STEP,"Effective date, Step 1, Step 2, Step 3, Step 4, Step 5, Step 6, Step 7"
EU,Quebec,,STEP,"Effective date, Step 1, Step 2, Step 3, Step 4, Step 5, Step 6, Step 7"
EU,Ontario,,STEP,"Effective date, Step 1, Step 2, Step 3, Step 4, Step 5, Step 6, Step 7"
EU,Manitoba,,STEP,"Effective date, Step 1, Step 2, Step 3, Step 4, Step 5, Step 6, Step 7"
EU,Saskatchewan,,STEP,"Effective date, Step 1, Step 2, Step 3, Step 4, Step 5, Step 6, Step 7"
EU,Alberta,,STEP,"Effective date, Step 1, Step 2, Step 3, Step 4, Step 5, Step 6, Step 7"
EU,British Columbia,,STEP,"Effective date, Step 1, Step 2, Step 3, Step 4, Step 5, Step 6, Step 7"
EU,,,STEP,"Effective date, Step 1, Step 2, Step 3, Step 4, Step 5, Step 6, Step 7"
EU,LAI-1,LAI-1,STEP,"Effective date, Step 1, Step 2, Step 3, Step 4, Step 5, Step 6, Step 7"
EU,PEI-1,PEI-1,STEP,"Effective date, Step 1, Step 2, Step 3, Step 4, Step 5, Step 6, Step 7"
EU,PEI-2,PEI-2,STEP,"Effective date, Step 1, Step 2, Step 3, Step 4, Step 5, Step 6"
FB,FB-1: Annual rates of pay (in dollars),FB-1,STEP,"Effective date, Step 1, Step 2, Step 3, Step 4"
FB,FB-2: Annual rates of pay (in dollars),FB-2,STEP,"Effective date, Step 1, Step 2, Step 3, Step 4"
FB,FB-3: Annual rates of pay (in dollars),FB-3,STEP,"Effective date, Step 1, Step 2, Step 3, Step 4"
FB,FB-4: Annual rates of pay (in dollars),FB-4,STEP,"Effective date, Step 1, Step 2, Step 3, Step 4, Step 5"
FB,FB-5: Annual rates of pay (in dollars),FB-5,STEP,"Effective date, Step 1, Step 2, Step 3, Step 4, Step 5"
FB,FB-6: Annual rates of pay (in dollars),FB-6,STEP,"Effective date, Step 1, Step 2, Step 3, Step 4, Step 5"
FB,FB-7: Annual rates of pay (in dollars),FB-7,STEP,"Effective date, Step 1, Step 2, Step 3, Step 4, Step 5"
FB,FB-8: Annual rates of pay (in dollars),FB-8,STEP,"Effective date, Step 1, Step 2, Step 3, Step 4"
FIN,FI: Development – annual rates of pay (in dollars),,OTHER,"Effective date, Range / Step 1"
FIN,CT-FIN: Development – annual rates of pay (in dollars),,OTHER,"Effective date, Range / Step 1"
FIN,FI-01: annual rates of pay (in dollars),FI-01,STEP,"Effective date, Step 1, Step 2, Step 3, Step 4, Step 5, Step 6, Step 7"
FIN,CT-FIN-01: annual rates of pay (in dollars),CT-FIN-01,STEP,"Effective date, Step 1, Step 2, Step 3, Step 4, Step 5, Step 6, Step 7"
FIN,FI-02: annual rates of pay (in dollars),FI-02,STEP,"Effective date, Step 1, Step 2, Step 3, Step 4, Step 5, Step 6, Step 7"
FIN,CT-FIN-02: annual rates of pay (in dollars),CT-FIN-02,STEP,"Effective date, Step 1, Step 2, Step 3, Step 4, Step 5, Step 6, Step 7"
FIN,FI-03: annual rates of pay (in dollars),FI-03,STEP,"Effective date, Step 1, Step 2, Step 3, Step 4, Step 5, Step 6, Step 7"
FIN,CT-FIN-03: annual rates of pay (in dollars),CT-FIN-03,STEP,"Effective date, Step 1, Step 2, Step 3, Step 4, Step 5, Step 6, Step 7"
FIN,FI-04: annual rates of pay (in dollars),FI-04,STEP,"Effective date, Step 1, Step 2, Step 3, Step 4, Step 5, Step 6, Step 7"
FIN,CT-FIN-04: annual rates of pay (in dollars),CT-FIN-04,STEP,"Effective date, Step 1, Step 2, Step 3, Step 4, Step 5, Step 6, Step 7"
FLP,,,NO_HEADING,
FO,FO-01: annual rates of pay (in dollars),FO-01,STEP,"Effective date, Range/Step 1table FO note *, Step 2, Step 3, Step 4, Step 5, Step 6"
FO,FO-01: annual rates of pay (in dollars) – continued,FO-01,STEP_CONTINUATION,"Effective date, Step 7, Step 8, Step 9, Step 10, Step 11, Step 12"
FO,FO-02: annual rates of pay (in dollars),FO-02,STEP,"Effective date, Step 1, Step 2, Step 3, Step 4, Step 5, Step 6, Step 7, Step 8"
FO,FO-03: annual rates of pay (in dollars),FO-03,STEP,"Effective date, Step 1, Step 2, Step 3, Step 4, Step 5, Step 6, Step 7"
FO,FO-04: annual rates of pay (in dollars),FO-04,STEP,"Effective date, Step 1, Step 2, Step 3, Step 4, Step 5, Step 6, Step 7"
FR,FR – Recruitment rate,,STEP,"Effective date, Step 1, Step 2"
FR,FR-1,FR-1,STEP,"Effective date, Step 1, Step 2, Step 3, Step 4, Step 5"
FR,FR-2,FR-2,STEP,"Effective date, Step 1, Step 2, Step 3"
FR,FR-3,FR-3,STEP,"Effective date, Step 1"
FR,FR-4,FR-4,STEP,"Effective date, Step 1"
FR,FR-5,FR-5,STEP,"Effective date, Step 1"
FR,FR-6,FR-6,STEP,"Effective date, Step 1"
FS,,,NO_HEADING,
GL,,,NO_HEADING,
GS,,,NO_HEADING,
GT,GT-1,GT-1,STEP,"Effective date, Step 1, Step 2, Step 3, Step 4, Step 5"
GT,GT-2,GT-2,STEP,"Effective date, Step 1, Step 2, Step 3, Step 4, Step 5"
GT,GT-3,GT-3,STEP,"Effective date, Step 1, Step 2, Step 3, Step 4, Step 5"
GT,GT-4,GT-4,STEP,"Effective date, Step 1, Step 2, Step 3, Step 4, Step 5"
GT,GT-5,GT-5,STEP,"Effective date, Step 1, Step 2, Step 3, Step 4, Step 5"
GT,GT-6,GT-6,STEP,"Effective date, Step 1, Step 2, Step 3, Step 4, Step 5"
GT,GT-7,GT-7,STEP,"Effective date, Step 1, Step 2, Step 3, Step 4, Step 5"
GT,GT-8,GT-8,STEP,"Effective date, Step 1, Step 2, Step 3, Step 4, Step 5"
HP,,,NO_HEADING,
HR,HR-1: annual rates of pay (in dollars),HR-1,STEP,"Effective date, Range/Step 1table 1 note *, Step 2, Step 3, Step 4, Step 5"
HR,HR-2: annual rates of pay (in dollars),HR-2,STEP,"Effective date, Step 1, Step 2, Step 3, Step 4, Step 5"
HR,HR-3: annual rates of pay (in dollars),HR-3,STEP,"Effective date, Step 1, Step 2, Step 3, Step 4"
HR,HR-4: annual rates of pay (in dollars),HR-4,STEP,"Effective date, Step 1, Step 2, Step 3, Step 4"
HR,HR-5: annual rates of pay (in dollars),HR-5,STEP,"Effective date, Step 1, Step 2, Step 3, Step 4"
HS,,,NO_HEADING,
IAU,AS-02: annual rates of pay (in dollars),AS-02,STEP,"Effective date, Step 1, Step 2, Step 3"
IAU,AS-03: annual rates of pay (in dollars),AS-03,STEP,"Effective date, Step 1, Step 2, Step 3"
IAU,CT-IAU-01: annual rates of pay (in dollars),CT-IAU-01,STEP,"Effective date, Step 1, Step 2, Step 3, Step 4, Step 5, Step 6, Step 7, Step 8, Step 9"
IAU,AS-04: annual rates of pay (in dollars),AS-04,STEP,"Effective date, Step 1, Step 2, Step 3"
IAU,AS-05: annual rates of pay (in dollars),AS-05,STEP,"Effective date, Step 1, Step 2, Step 3"
IAU,CT-IAU-02: annual rates of pay (in dollars),CT-IAU-02,STEP,"Effective date, Step 1, Step 2, Step 3, Step 4, Step 5, Step 6, Step 7, Step 8"
IAU,AS-06: annual rates of pay (in dollars),AS-06,STEP,"Effective date, Step 1, Step 2, Step 3"
IAU,CT-IAU-03: annual rates of pay (in dollars),CT-IAU-03,STEP,"Effective date, Step 1, Step 2, Step 3, Step 4, Step 5, Step 6, Step 7"
IAU,AS-07: annual rates of pay (in dollars),AS-07,STEP,"Effective date, Step 1, Step 2, Step 3, Step 4, Step 5"
IAU,CT-IAU-04: annual rates of pay (in dollars),CT-IAU-04,STEP,"Effective date, Step 1, Step 2, Step 3, Step 4, Step 5, Step 6, Step 7"
INS,,,NO_HEADING,
IS,IS‐1 – Annual rates of pay (in dollars),IS-1,STEP,"Effective date, Step 1, Step 2, Step 3, Step 4"
IS,IS‐2 – Annual rates of pay (in dollars),IS-2,STEP,"Effective date, Step 1, Step 2, Step 3"
IS,IS‐3 – Annual rates of pay (in dollars),IS-3,STEP,"Effective date, Step 1, Step 2, Step 3"
IS,IS‐4 – Annual rates of pay (in dollars),IS-4,STEP,"Effective date, Step 1, Step 2, Step 3"
IS,IS‐5 – Annual rates of pay (in dollars),IS-5,STEP,"Effective date, Step 1, Step 2, Step 3"
IS,IS‐6 – Annual rates of pay (in dollars),IS-6,STEP,"Effective date, Step 1, Step 2, Step 3, Step 4, Step 5"
IT,IT-01: annual rates of pay (in dollars),IT-01,STEP,"Effective date, Step 1, Step 2, Step 3, Step 4, Step 5, Step 6, Step 7, Step 8"
IT,IT-02: annual rates of pay (in dollars),IT-02,STEP,"Effective date, Step 1, Step 2, Step 3, Step 4, Step 5, Step 6, Step 7, Step 8"
IT,IT-03: annual rates of pay (in dollars),IT-03,STEP,"Effective date, Step 1, Step 2, Step 3, Step 4, Step 5, Step 6, Step 7, Step 8"
IT,IT-04: annual rates of pay (in dollars),IT-04,STEP,"Effective date, Step 1, Step 2, Step 3, Step 4, Step 5, Step 6, Step 7, Step 8"
IT,IT-05: annual rates of pay (in dollars),IT-05,STEP,"Effective date, Step 1, Step 2, Step 3, Step 4, Step 5, Step 6, Step 7, Step 8, Step 9"
LAT,,,OTHER,"Teaching experience, Level 1, 1/7/21, 1/7/22, 1/7/22.1, 1/7/23, 1/7/23.1, 1/7/24, 1/7/24.1"
LAT,,,OTHER,"Teaching experience, Level 2, 1/7/21, 1/7/22, 1/7/22.1, 1/7/23, 1/7/23.1, 1/7/24, 1/7/24.1"
LAT,,,OTHER,"Teaching experience, Level 3, 1/7/21, 1/7/22, 1/7/22.1, 1/7/23, 1/7/23.1, 1/7/24, 1/7/24.1"
LAT,,,OTHER,"Teaching experience, Level 4, 1/7/21, 1/7/22, 1/7/22.1, 1/7/23, 1/7/23.1, 1/7/24, 1/7/24.1"
LAT,,,OTHER,"Teaching experience, Level 1, 1/7/21, 1/7/22, 1/7/22.1, 1/7/23, 1/7/23.1, 1/7/24, 1/7/24.1"
LAT,,,OTHER,"Teaching experience, Level 2, 1/7/21, 1/7/22, 1/7/22.1, 1/7/23, 1/7/23.1, 1/7/24, 1/7/24.1"
LAT,,,OTHER,"Teaching experience, Level 3, 1/7/21, 1/7/22, 1/7/22.1, 1/7/23, 1/7/23.1, 1/7/24, 1/7/24.1"
LAT,,,OTHER,"Teaching experience, Level 4, 1/7/21, 1/7/22, 1/7/22.1, 1/7/23, 1/7/23.1, 1/7/24, 1/7/24.1"
LI,LI-1,LI-1,STEP,"Effective date, Step 1, Step 2, Step 3, Step 4, Step 5"
LI,LI-2,LI-2,STEP,"Effective date, Step 1, Step 2, Step 3, Step 4, Step 5"
LI,LI-3,LI-3,STEP,"Effective date, Step 1, Step 2, Step 3, Step 4"
LI,LI-4,LI-4,STEP,"Effective date, Step 1, Step 2, Step 3, Step 4"
LI,LI-5,LI-5,STEP,"Effective date, Step 1, Step 2, Step 3, Step 4"
LI,LI-6,LI-6,STEP,"Effective date, Step 1, Step 2, Step 3, Step 4"
LI,LI-7,LI-7,STEP,"Effective date, Step 1, Step 2, Step 3, Step 4"
LI,LI-8,LI-8,STEP,"Effective date, Step 1, Step 2, Step 3, Step 4"
LI,LI-9,LI-9,STEP,"Effective date, Step 1, Step 2, Step 3, Step 4"
LI,,,OTHER,"Days of operation of lightstation, Seasonal stations rate of adjustment %, Rotational stations rate of adjustment %, Seasonal rotational stations rate of adjustment %"
LI,,,OTHER,"Formula, Formula.1"
LP,LP-00 (Steps 1 to 6),LP-00,STEP,"Effective date, Step 1, Step 2, Step 3, Step 4, Step 5, Step 6"
LP,LP-00 (Steps 7 to 12),LP-00,STEP,"Effective date, Step 7, Step 8, Step 9, Step 10, Step 11, Step 12"
LP,LP-00 (Steps 13 to 18),LP-00,STEP,"Effective date, Step 13, Step 14, Step 15, Step 16, Step 17, Step 18"
LP,LP-01,LP-01,STEP,"Effective date, Step 1, Step 2, Step 3, Step 4, Step 5, Step 6, Step 7, Step 8"
LP,LP-02 (Steps 1 to 6),LP-02,STEP,"Effective date, Step 1, Step 2, Step 3, Step 4, Step 5, Step 6"
LP,LP-02 (Steps 7 and 11),LP-02,STEP,"Effective date, Step 7, Step 8, Step 9, Step 10, Step 11"
LP,LP-03,LP-03,STEP,"Effective date, Step 1, Step 2, Step 3, Step 4, Step 5, Step 6, Step 7, Step 8"
LP,LP-04,LP-04,RANGE,"Effective date, Range"
LP,LP-05,LP-05,RANGE,"Effective date, Range"
LP,LP-00 (Steps 1 to 6),LP-00,STEP,"Effective date, Step 1, Step 2, Step 3, Step 4, Step 5, Step 6"
LP,LP-00 (Steps 7 to 12),LP-00,STEP,"Effective date, Step 7, Step 8, Step 9, Step 10, Step 11, Step 12"
LP,LP-00 (Steps 13 to 18),LP-00,STEP,"Effective date, Step 13, Step 14, Step 15, Step 16, Step 17, Step 18"
LP,LP-01,LP-01,STEP,"Effective date, Step 1, Step 2, Step 3, Step 4, Step 5, Step 6, Step 7, Step 8"
LP,LP-02 (Steps 1 to 6),LP-02,STEP,"Effective date, Step 1, Step 2, Step 3, Step 4, Step 5, Step 6"
LP,LP-02 (Steps 7 to 11),LP-02,STEP,"Effective date, Step 7, Step 8, Step 9, Step 10, Step 11"
LP,LP-03,LP-03,STEP,"Effective date, Step 1, Step 2, Step 3, Step 4, Step 5, Step 6, Step 7, Step 8"
LP,LP-04,LP-04,RANGE,"Effective date, Range"
LP,LP-05,LP-05,RANGE,"Effective date, Range"
LS,LS-1,LS-1,STEP,"Effective date, Step 1, Step 2, Step 3, Step 4, Step 5, Step 6, Step 7, Step 8"
LS,LS-2,LS-2,STEP,"Effective date, Step 1, Step 2, Step 3, Step 4, Step 5"
LS,LS-3,LS-3,STEP,"Effective date, Step 1, Step 2, Step 3, Step 4, Step 5"
LS,LS-4,LS-4,STEP,"Effective date, Step 1, Step 2, Step 3, Step 4, Step 5, Step 6"
LS,LS-5,LS-5,STEP,"Effective date, Step 1, Step 2, Step 3, Step 4, Step 5, Step 6"
MA,MA-1: annual rates of pay (in dollars),MA-1,OTHER,"Effective date, Range / Step 1"
MA,MA-2: annual rates of pay (in dollars),MA-2,STEP,"Effective date, Step 1, Step 2, Step 3, Step 4, Step 5, Step 6, Step 7"
MA,MA-3: annual rates of pay (in dollars),MA-3,STEP,"Effective date, Step 1, Step 2, Step 3, Step 4, Step 5, Step 6"
MA,MA-4: annual rates of pay (in dollars),MA-4,STEP,"Effective date, Step 1, Step 2, Step 3, Step 4, Step 5, Step 6"
MA,MA-5: annual rates of pay (in dollars),MA-5,STEP,"Effective date, Step 1, Step 2, Step 3, Step 4, Step 5"
MA,MA-6: annual rates of pay (in dollars),MA-6,STEP,"Effective date, Step 1, Step 2, Step 3, Step 4, Step 5"
MA,MA-7: annual rates of pay (in dollars),MA-7,STEP,"Effective date, Step 1, Step 2, Step 3, Step 4, Step 5"
MAO,,,NO_HEADING,
MD,MD-MOF-1: annual rates of pay (in dollars),MD-MOF-1,STEP,"Effective date, Step 1, Step 2, Step 3, Step 4, Step 5, Step 6, Step 7, Step 8"
MD,MD-MOF-2: annual rates of pay (in dollars),MD-MOF-2,STEP,"Effective date, Step 1, Step 2, Step 3, Step 4, Step 5, Step 6"
MD,MD-MOF-3: annual rates of pay (in dollars),MD-MOF-3,STEP,"Effective date, Step 1, Step 2, Step 3, Step 4"
MD,MD-MOF-4: annual rates of pay (in dollars),MD-MOF-4,STEP,"Effective date, Step 1, Step 2, Step 3, Step 4"
MD,MD-MSP-1: annual rates of pay (in dollars),MD-MSP-1,STEP,"Effective date, Step 1, Step 2, Step 3"
MD,MD-MSP-2: annual rates of pay (in dollars),MD-MSP-2,STEP,"Effective date, Step 1, Step 2, Step 3"
MT,MT-01: annual rates of pay (in dollars),MT-01,OTHER,"Effective date, Range/Step 1table MT note *"
MT,MT-02: annual rates of pay (in dollars),MT-02,STEP,"Effective date, Step 1, Step 2, Step 3, Step 4, Step 5, Step 6, Step 7, Step 8"
MT,MT-03: annual rates of pay (in dollars),MT-03,STEP,"Effective date, Step 1, Step 2, Step 3, Step 4, Step 5, Step 6, Step 7"
MT,MT-04: annual rates of pay (in dollars),MT-04,STEP,"Effective date, Step 1, Step 2, Step 3, Step 4, Step 5, Step 6, Step 7, Step 8"
MT,MT-05: annual rates of pay (in dollars),MT-05,STEP,"Effective date, Step 1, Step 2, Step 3, Step 4, Step 5, Step 6, Step 7, Step 8"
MT,MT-06: annual rates of pay (in dollars),MT-06,STEP,"Effective date, Step 1, Step 2, Step 3, Step 4, Step 5, Step 6, Step 7"
MT,MT-07: annual rates of pay (in dollars),MT-07,STEP,"Effective date, Step 1, Step 2, Step 3, Step 4, Step 5, Step 6, Step 7"
ND,ND-DIT-1: annual rates of pay (in dollars),ND-DIT-1,STEP,"Effective date, Step 1, Step 2, Step 3, Step 4, Step 5, Step 6, Step 7, Step 8, Step 9"
ND,ND-DIT-2: annual rates of pay (in dollars),ND-DIT-2,STEP,"Effective date, Step 1, Step 2, Step 3, Step 4, Step 5, Step 6, Step 7"
ND,ND-DIT-3: annual rates of pay (in dollars),ND-DIT-3,STEP,"Effective date, Step 1, Step 2, Step 3, Step 4, Step 5, Step 6, Step 7"
ND,ND-DIT-4: annual rates of pay (in dollars),ND-DIT-4,STEP,"Effective date, Step 1, Step 2, Step 3, Step 4, Step 5, Step 6, Step 7"
ND,ND-ADV-1: annual rates of pay (in dollars),ND-ADV-1,STEP,"Effective date, Step 1, Step 2, Step 3, Step 4, Step 5, Step 6, Step 7"
ND,ND-ADV-2: annual rates of pay (in dollars),ND-ADV-2,STEP,"Effective date, Step 1, Step 2, Step 3, Step 4, Step 5, Step 6, Step 7"
ND,ND-ADV-3: annual rates of pay (in dollars),ND-ADV-3,STEP,"Effective date, Step 1, Step 2, Step 3, Step 4, Step 5, Step 6, Step 7, Step 8"
ND,ND-HME-1: annual rates of pay (in dollars),ND-HME-1,STEP,"Effective date, Step 1, Step 2, Step 3, Step 4, Step 5, Step 6, Step 7"
ND,ND-HME-2: annual rates of pay (in dollars),ND-HME-2,STEP,"Effective date, Step 1, Step 2, Step 3, Step 4, Step 5, Step 6, Step 7, Step 8"
ND,ND-HME-3: annual rates of pay (in dollars),ND-HME-3,STEP,"Effective date, Step 1, Step 2, Step 3, Step 4, Step 5, Step 6, Step 7, Step 8"
ND,ND-HME-4: annual rates of pay (in dollars),ND-HME-4,STEP,"Effective date, Step 1, Step 2, Step 3, Step 4, Step 5, Step 6, Step 7"
NU,NU-HOS-1 / NU-CHN-1: annual rates of pay (in dollars),NU-HOS-1,STEP,"Effective date, Step 1, Step 2"
NU,NU-HOS-2 / NU-CHN-2: annual rates of pay (in dollars),NU-HOS-2,STEP,"Effective date, Step 1, Step 2, Step 3, Step 4, Step 5, Step 6"
NU,NU-HOS-3 / NU-CHN-3: annual rates of pay (in dollars),NU-HOS-3,STEP,"Effective date, Step 1, Step 2, Step 3, Step 4, Step 5, Step 6, Step 7"
NU,NU-HOS-4 / NU-CHN-4: annual rates of pay (in dollars),NU-HOS-4,STEP,"Effective date, Step 1, Step 2, Step 3, Step 4, Step 5, Step 6, Step 7, Step 8"
NU,NU-HOS-5 / NU-CHN-5: annual rates of pay (in dollars),NU-HOS-5,STEP,"Effective date, Step 1, Step 2, Step 3, Step 4, Step 5, Step 6, Step 7, Step 8"
NU,NU-HOS-6 / NU-CHN-6: annual rates of pay (in dollars),NU-HOS-6,STEP,"Effective date, Step 1, Step 2, Step 3, Step 4, Step 5, Step 6, Step 7, Step 8"
NU,NU-HOS-7 / NU-CHN-7: annual rates of pay (in dollars),NU-HOS-7,STEP,"Effective date, Step 1, Step 2, Step 3, Step 4, Step 5, Step 6, Step 7, Step 8"
NU,NU-HOS-8 / NU-CHN-8: annual rates of pay (in dollars),NU-HOS-8,STEP,"Effective date, Step 1, Step 2, Step 3, Step 4, Step 5, Step 6, Step 7, Step 8, Step 9"
OE,OE-BEO-1 – Annual rates of pay (in dollars),OE-BEO-1,STEP,"Effective date, Step 1, Step 2, Step 3, Step 4, Step 5, Step 6, Step 7"
OE,OE-BEO-2 – Annual rates of pay (in dollars),OE-BEO-2,STEP,"Effective date, Step 1, Step 2, Step 3, Step 4, Step 5"
OE,OE-CEO-1 – Annual rates of pay (in dollars),OE-CEO-1,STEP,"Effective date, Step 1, Step 2, Step 3, Step 4, Step 5, Step 6, Step 7"
OE,OE-CEO-2 – Annual rates of pay (in dollars),OE-CEO-2,STEP,"Effective date, Step 1, Step 2, Step 3, Step 4, Step 5"
OE,OE-CEO-3 – Annual rates of pay (in dollars),OE-CEO-3,STEP,"Effective date, Step 1, Step 2, Step 3, Step 4"
OE,OE-DEO-1 – Annual rates of pay (in dollars),OE-DEO-1,STEP,"Effective date, Step 1, Step 2, Step 3, Step 4, Step 5, Step 6, Step 7"
OE,OE-DEO-2 – Annual rates of pay (in dollars),OE-DEO-2,STEP,"Effective date, Step 1, Step 2, Step 3, Step 4, Step 5"
OE,OE-DEO-3 – Annual rates of pay (in dollars),OE-DEO-3,STEP,"Effective date, Step 1, Step 2, Step 3, Step 4"
OE,OE-MSE-1 – Annual rates of pay (in dollars),OE-MSE-1,STEP,"Effective date, Step 1, Step 2, Step 3, Step 4, Step 5, Step 6, Step 7"
OE,OE-MSE-2 – Annual rates of pay (in dollars),OE-MSE-2,STEP,"Effective date, Step 1, Step 2, Step 3, Step 4, Step 5"
OE,OE-MEO-1 – Annual rates of pay (in dollars),OE-MEO-1,STEP,"Effective date, Step 1, Step 2, Step 3, Step 4, Step 5, Step 6, Step 7"
OE,OE-MEO-2 – Annual rates of pay (in dollars),OE-MEO-2,STEP,"Effective date, Step 1, Step 2, Step 3, Step 4, Step 5"
OE,OE-MEO-3 – Annual rates of pay (in dollars),OE-MEO-3,STEP,"Effective date, Step 1, Step 2, Step 3, Step 4"
OE,OE-MEO-4 – Annual rates of pay (in dollars),OE-MEO-4,STEP,"Effective date, Step 1, Step 2, Step 3, Step 4"
OE,OE-MEO-5 – Annual rates of pay (in dollars),OE-MEO-5,STEP,"Effective date, Step 1, Step 2, Step 3, Step 4"
OP,OP-1: annual rates of pay (in dollars),OP-1,STEP,"Effective date, Step 1, Step 2, Step 3, Step 4, Step 5, Step 6, Step 7, Step 8"
OP,OP-2: annual rates of pay (in dollars),OP-2,STEP,"Effective date, Step 1, Step 2, Step 3, Step 4, Step 5, Step 6, Step 7, Step 8"
OP,OP-3: annual rates of pay (in dollars),OP-3,STEP,"Effective date, Step 1, Step 2, Step 3, Step 4, Step 5, Step 6, Step 7, Step 8"
PC,PC-01: annual rates of pay (in dollars),PC-01,STEP,"Effective date, Range/Step 1table PC note *, Step 2, Step 3, Step 4, Step 5, Step 6"
PC,PC-02: annual rates of pay (in dollars),PC-02,STEP,"Effective date, Step 1, Step 2, Step 3, Step 4, Step 5, Step 6"
PC,PC-03: annual rates of pay (in dollars),PC-03,STEP,"Effective date, Step 1, Step 2, Step 3, Step 4, Step 5, Step 6"
PC,PC-04: annual rates of pay (in dollars),PC-04,STEP,"Effective date, Step 1, Step 2, Step 3, Step 4, Step 5, Step 6"
PC,PC-05: annual rates of pay (in dollars),PC-05,STEP,"Effective date, Step 1, Step 2, Step 3, Step 4, Step 5"
PG,PG-01: annual rates of pay (in dollars),PG-01,STEP,"Effective date, Step 1, Step 2, Step 3, Step 4, Step 5, Step 6, Step 7"
PG,PG-02: annual rates of pay (in dollars),PG-02,STEP,"Effective date, Step 1, Step 2, Step 3, Step 4"
PG,PG-03: annual rates of pay (in dollars),PG-03,STEP,"Effective date, Step 1, Step 2, Step 3, Step 4"
PG,PG-04: annual rates of pay (in dollars),PG-04,STEP,"Effective date, Step 1, Step 2, Step 3, Step 4"
PG,PG-05: annual rates of pay (in dollars),PG-05,STEP,"Effective date, Step 1, Step 2, Step 3, Step 4"
PG,PG-06: annual rates of pay (in dollars),PG-06,STEP,"Effective date, Step 1, Step 2, Step 3, Step 4"
PH,PH-1: annual rates of pay (in dollars),PH-1,STEP,"Effective date, Step 1, Step 2, Step 3, Step 4, Step 5, Step 6"
PH,PH-2: annual rates of pay (in dollars),PH-2,STEP,"Effective date, Step 1, Step 2, Step 3, Step 4, Step 5, Step 6"
PH,PH-3: annual rates of pay (in dollars),PH-3,STEP,"Effective date, Step 1, Step 2, Step 3, Step 4, Step 5, Step 6"
PI,PI-1-CGC – Steps 1 to 5,PI-1,STEP,"Effective date, Step 1, Step 2, Step 3, Step 4, Step 5"
PI,PI-1-CGC – Steps 6 to 8,PI-1,STEP,"Effective date, Step 6, Step 7, Step 8"
PI,PI-2-CGC,PI-2,STEP,"Effective date, Step 1, Step 2, Step 3, Step 4, Step 5, Step 6"
PI,PI-3-CGC,PI-3,STEP,"Effective date, Step 1, Step 2, Step 3, Step 4, Step 5, Step 6"
PI,PI-4-CGC,PI-4,STEP,"Effective date, Step 1, Step 2, Step 3, Step 4, Step 5, Step 6, Step 7"
PI,PI-5-CGC,PI-5,STEP,"Effective date, Step 1, Step 2, Step 3, Step 4, Step 5, Step 6"
PI,PI-6-CGC,PI-6,STEP,"Effective date, Step 1, Step 2, Step 3, Step 4, Step 5, Step 6"
PI,PI-7-CGC,PI-7,STEP,"Effective date, Step 1, Step 2, Step 3, Step 4, Step 5, Step 6"
PM,PM – Development – Annual rates of pay (in dollars),,RANGE,"Effective date, Range"
PM,PM-1 – Annual rates of pay (in dollars),PM-1,STEP,"Effective date, Step 1, Step 2, Step 3, Step 4"
PM,PM-2 – Annual rates of pay (in dollars),PM-2,STEP,"Effective date, Step 1, Step 2, Step 3"
PM,PM-3 – Annual rates of pay (in dollars),PM-3,STEP,"Effective date, Step 1, Step 2, Step 3"
PM,PM-4 – Annual rates of pay (in dollars),PM-4,STEP,"Effective date, Step 1, Step 2, Step 3"
PM,PM-5 – Annual rates of pay (in dollars),PM-5,STEP,"Effective date, Step 1, Step 2, Step 3"
PM,PM-6 – Annual rates of pay (in dollars),PM-6,STEP,"Effective date, Step 1, Step 2, Step 3, Step 4, Step 5"
PM,PM-7 – Annual rates of pay (in dollars),PM-7,RANGE,"Effective date, Range"
PR(S),PR(S)-1,PR(S)-1,STEP,"Effective date, Step 1, Step 2, Step 3, Step 4, Step 5, Step 6, Step 7"
PR(S),PR(S)-2,PR(S)-2,STEP,"Effective date, Step 1, Step 2, Step 3, Step 4, Step 5, Step 6, Step 7"
PR(S),PR(S)-3,PR(S)-3,STEP,"Effective date, Step 1, Step 2, Step 3, Step 4, Step 5, Step 6, Step 7"
PR(S),PR(S)-4,PR(S)-4,STEP,"Effective date, Step 1, Step 2, Step 3, Step 4, Step 5, Step 6, Step 7"
PR(S),PR(S)-5,PR(S)-5,STEP,"Effective date, Step 1, Step 2, Step 3, Step 4, Step 5, Step 6, Step 7"
PS,PS-1: annual rates of pay (in dollars),PS-1,STEP,"Effective date, Step 1, Step 2, Step 3, Step 4, Step 5, Step 6, Step 7"
PS,PS-2: annual rates of pay (in dollars),PS-2,STEP,"Effective date, Step 1, Step 2, Step 3, Step 4, Step 5, Step 6"
PS,PS-3: annual rates of pay (in dollars),PS-3,STEP,"Effective date, Step 1, Step 2, Step 3, Step 4, Step 5"
PS,PS-4: annual rates of pay (in dollars),PS-4,STEP,"Effective date, Step 1, Step 2, Step 3, Step 4, Step 5"
PS,PS-5: annual rates of pay (in dollars),PS-5,STEP,"Effective date, Step 1, Step 2, Step 3, Step 4, Step 5"
PY,PY-1,PY-1,STEP,"Effective date, Step 1, Step 2, Step 3, Step 4, Step 5"
PY,PY-2,PY-2,STEP,"Effective date, Step 1, Step 2, Step 3, Step 4, Step 5"
PY,PY-3,PY-3,STEP,"Effective date, Step 1, Step 2, Step 3, Step 4, Step 5"
PY,PY-4,PY-4,STEP,"Effective date, Step 1, Step 2, Step 3, Step 4, Step 5"
PY,PY-5,PY-5,STEP,"Effective date, Step 1, Step 2, Step 3, Step 4, Step 5, Step 6"
PY,PY-6,PY-6,STEP,"Effective date, Step 1, Step 2, Step 3, Step 4, Step 5, Step 6"
PY,PY-7,PY-7,STEP,"Effective date, Step 1, Step 2, Step 3, Step 4, Step 5, Step 6"
RAD,,,NO_HEADING,
RM,,,NO_HEADING,
RO,RO-00 - Annual Rates of Pay (in dollars),RO-00,STEP,"Effective Date, Step 1, Step 2, Step 3, Step 4, Step 5, Step 6, Step 7"
RO,RO-01 - Annual Rates of Pay (in dollars),RO-01,STEP,"Effective Date, Step 1, Step 2, Step 3, Step 4, Step 5, Step 6, Step 7"
RO,RO-02 - Annual Rates of Pay (in dollars),RO-02,STEP,"Effective Date, Step 1, Step 2, Step 3, Step 4, Step 5, Step 6, Step 7"
RO,RO-03 - Annual Rates of Pay (in dollars),RO-03,STEP,"Effective Date, Step 1, Step 2, Step 3, Step 4, Step 5, Step 6, Step 7"
RO,RO-04 - Annual Rates of Pay (in dollars),RO-04,STEP,"Effective Date, Step 1, Step 2, Step 3, Step 4, Step 5, Step 6, Step 7"
RO,RO-04 Instructor - Annual Rates of Pay (in dollars),RO-04,STEP,"Effective Date, Step 1, Step 2, Step 3, Step 4, Step 5, Step 6, Step 7"
RO,RO-05 - Annual Rates of Pay (in dollars),RO-05,STEP,"Effective Date, Step 1, Step 2, Step 3, Step 4, Step 5, Step 6, Step 7"
RO,RO-06 - Annual Rates of Pay (in dollars),RO-06,STEP,"Effective Date, Step 1, Step 2, Step 3, Step 4, Step 5, Step 6, Step 7"
SC,,,NO_HEADING,
SE,SE-RES-1: annual rates of pay (in dollars),SE-RES-1,STEP,"Effective date, Step 1, Step 2, Step 3, Step 4, Step 5, Step 6, Step 7, Step 8"
SE,SE-RES-2: annual rates of pay (in dollars),SE-RES-2,STEP,"Effective date, Step 1, Step 2, Step 3, Step 4, Step 5, Step 6, Step 7, Step 8"
SE,SE-RES-2: annual rates of pay (in dollars) (continued),SE-RES-2,STEP_CONTINUATION,"Effective date, Step 9, Step 10"
SE,SE-RES-3: annual rates of pay (in dollars),SE-RES-3,STEP,"Effective date, Step 1, Step 2, Step 3, Step 4, Step 5, Step 6, Step 7, Step 8"
SE,SE-RES-3: annual rates of pay (in dollars) (continued),SE-RES-3,STEP_CONTINUATION,"Effective date, Step 9, Step 10"
SE,SE-RES-4: annual rates of pay (in dollars),SE-RES-4,STEP,"Effective date, Step 1, Step 2, Step 3, Step 4, Step 5, Step 6, Step 7, Step 8"
SE,SE-RES-5: annual rates of pay (in dollars),SE-RES-5,STEP,"Effective date, Step 1, Step 2, Step 3, Step 4, Step 5, Step 6, Step 7, Step 8"
SE,SE-REM-1: annual rates of pay (in dollars),SE-REM-1,STEP,"Effective date, Step 1, Step 2, Step 3, Step 4, Step 5, Step 6, Step 7"
SE,SE-REM-1: annual rates of pay (in dollars) (continued),SE-REM-1,STEP_CONTINUATION,"Effective date, Step 8, Step 9"
SE,SE-REM-2: annual rates of pay (in dollars),SE-REM-2,STEP,"Effective date, Step 1, Step 2, Step 3, Step 4, Step 5, Step 6, Step 7"
SE,SE-REM-2: annual rates of pay (in dollars) (continued),SE-REM-2,STEP_CONTINUATION,"Effective date, Step 8, Step 9"
SG,SG-SRE-01: annual rates of pay (in dollars),SG-SRE-01,OTHER,"Effective date, Range/Step 1"
SG,SG-SRE-02: annual rates of pay (in dollars),SG-SRE-02,STEP,"Effective date, Step 1, Step 2, Step 3, Step 4, Step 5, Step 6"
SG,SG-SRE-03: annual rates of pay (in dollars),SG-SRE-03,STEP,"Effective date, Step 1, Step 2, Step 3, Step 4, Step 5, Step 6, Step 7, Step 8"
SG,SG-SRE-04: annual rates of pay (in dollars),SG-SRE-04,STEP,"Effective date, Step 1, Step 2, Step 3, Step 4, Step 5, Step 6, Step 7"
SG,SG-SRE-05: annual rates of pay (in dollars),SG-SRE-05,STEP,"Effective date, Step 1, Step 2, Step 3, Step 4, Step 5, Step 6, Step 7"
SG,SG-SRE-06: annual rates of pay (in dollars),SG-SRE-06,STEP,"Effective date, Step 1, Step 2, Step 3, Step 4, Step 5, Step 6, Step 7"
SG,SG-SRE-07: annual rates of pay (in dollars),SG-SRE-07,STEP,"Effective date, Step 1, Step 2, Step 3, Step 4, Step 5, Step 6, Step 7"
SG,SG-SRE-08: annual rates of pay (in dollars),SG-SRE-08,STEP,"Effective date, Step 1, Step 2, Step 3, Step 4, Step 5, Step 6, Step 7"
SG-PAT,,,NO_HEADING,
SG-SRE,,,NO_HEADING,
SO,,,NO_HEADING,
SR(C),,,NO_HEADING,
SR(E),,,NO_HEADING,
SR(W),,,NO_HEADING,
ST,ST-TYP-1 – Annual rates of pay (in dollars),ST-TYP-1,STEP,"Effective date, Step 1, Step 2, Step 3, Step 4, Step 5, Step 6"
ST,ST-TYP-2 – Annual rates of pay (in dollars),ST-TYP-2,STEP,"Effective date, Step 1, Step 2, Step 3, Step 4"
ST,ST-STN-1 – Annual rates of pay (in dollars),ST-STN-1,STEP,"Effective date, Step 1, Step 2, Step 3, Step 4, Step 5, Step 6"
ST,ST-STN-1 – Annual rates of pay (in dollars) (continued),ST-STN-1,STEP_CONTINUATION,"Effective date, Step 7, Step 8, Step 9"
ST,ST-STN-2 – Annual rates of pay (in dollars),ST-STN-2,STEP,"Effective date, Step 1, Step 2, Step 3, Step 4"
ST,ST-OCE-1 – Annual rates of pay (in dollars),ST-OCE-1,STEP,"Effective date, Step 1, Step 2, Step 3, Step 4, Step 5, Step 6"
ST,ST-OCE-1 – Annual rates of pay (in dollars) (continued),ST-OCE-1,STEP_CONTINUATION,"Effective date, Step 7, Step 8, Step 9, Step 10"
ST,ST-OCE-2 – Annual rates of pay (in dollars),ST-OCE-2,STEP,"Effective date, Step 1, Step 2, Step 3, Step 4"
ST,ST-OCE-3 – Annual rates of pay (in dollars),ST-OCE-3,STEP,"Effective date, Step 1, Step 2, Step 3, Step 4"
ST,ST-SCY-1 – Annual rates of pay (in dollars),ST-SCY-1,STEP,"Effective date, Step 1, Step 2, Step 3, Step 4, Step 5, Step 6"
ST,ST-SCY-1 – Annual rates of pay (in dollars) (continued),ST-SCY-1,STEP_CONTINUATION,"Effective date, Step 7, Step 8, Step 9, Step 10, Step 11, Step 12"
ST,ST-SCY-2 – Annual rates of pay (in dollars),ST-SCY-2,STEP,"Effective date, Step 1, Step 2, Step 3, Step 4"
ST,ST-SCY-3 – Annual rates of pay (in dollars),ST-SCY-3,STEP,"Effective date, Step 1, Step 2, Step 3, Step 4"
ST,ST-SCY-4 – Annual rates of pay (in dollars),ST-SCY-4,STEP,"Effective date, Step 1, Step 2, Step 3, Step 4"
ST,ST-COR-1 – Annual rates of pay (in dollars),ST-COR-1,STEP,"Effective date, Step 1, Step 2, Step 3, Step 4, Step 5, Step 6"
ST,ST-COR-1 – Annual rates of pay (in dollars) (continued),ST-COR-1,STEP_CONTINUATION,"Effective date, Step 7, Step 8"
ST,ST-COR-2 – Annual rates of pay (in dollars),ST-COR-2,STEP,"Effective date, Step 1, Step 2, Step 3, Step 4, Step 5, Step 6"
ST,Special Level A – Annual rates of pay (in dollars),,STEP,"Effective date, Step 1"
ST,Special Level B – Annual rates of pay (in dollars),,STEP,"Effective date, Step 1"
ST,Special Level C – Annual rates of pay (in dollars),,STEP,"Effective date, Step 1"
SW,SW-SCW-1: annual rates of pay (in dollars),SW-SCW-1,STEP,"Effective date, Step 1, Step 2, Step 3, Step 4, Step 5, Step 6, Step 7, Step 8, Step 9"
SW,SW-SCW-1 Clinical Social Workers: annual rates of pay (in dollars),SW-SCW-1,STEP,"Effective date, Step 1, Step 2, Step 3, Step 4, Step 5, Step 6, Step 7, Step 8, Step 9"
SW,SW-SCW-2: annual rates of pay (in dollars),SW-SCW-2,STEP,"Effective date, Step 1, Step 2, Step 3, Step 4, Step 5, Step 6, Step 7, Step 8"
SW,SW-SCW-2 Clinical Social Workers: annual rates of pay (in dollars),SW-SCW-2,STEP,"Effective date, Step 1, Step 2, Step 3, Step 4, Step 5, Step 6, Step 7, Step 8"
SW,SW-SCW-3: annual rates of pay (in dollars),SW-SCW-3,STEP,"Effective date, Step 1, Step 2, Step 3, Step 4, Step 5, Step 6, Step 7, Step 8"
SW,SW-SCW-3 Clinical Social Workers: annual rates of pay (in dollars),SW-SCW-3,STEP,"Effective date, Step 1, Step 2, Step 3, Step 4, Step 5, Step 6, Step 7, Step 8"
SW,SW-SCW-4: annual rates of pay (in dollars),SW-SCW-4,STEP,"Effective date, Step 1, Step 2, Step 3, Step 4, Step 5, Step 6, Step 7, Step 8"
SW,SW-SCW-5: annual rates of pay (in dollars),SW-SCW-5,STEP,"Effective date, Step 1, Step 2, Step 3, Step 4, Step 5, Step 6, Step 7, Step 8"
SW,SW-CHA-1: annual rates of pay (in dollars),SW-CHA-1,STEP,"Effective date, Step 1, Step 2, Step 3, Step 4, Step 5, Step 6, Step 7"
SW,SW-CHA-2: annual rates of pay (in dollars),SW-CHA-2,STEP,"Effective date, Step 1, Step 2, Step 3, Step 4, Step 5, Step 6, Step 7"
SW,SW-CHA-3: annual rates of pay (in dollars),SW-CHA-3,STEP,"Effective date, Step 1, Step 2, Step 3, Step 4, Step 5, Step 6, Step 7"
TI,TI-1,TI-1,STEP,"Effective date, Step 1, Step 2, Step 3, Step 4, Step 5"
TI,TI-2,TI-2,STEP,"Effective date, Step 1, Step 2, Step 3, Step 4, Step 5"
TI,TI-3,TI-3,STEP,"Effective date, Step 1, Step 2, Step 3, Step 4, Step 5"
TI,TI-4,TI-4,STEP,"Effective date, Step 1, Step 2, Step 3, Step 4, Step 5"
TI,TI-5,TI-5,STEP,"Effective date, Step 1, Step 2, Step 3, Step 4, Step 5"
TI,TI-6,TI-6,STEP,"Effective date, Step 1, Step 2, Step 3, Step 4, Step 5"
TI,TI-7,TI-7,STEP,"Effective date, Step 1, Step 2, Step 3, Step 4, Step 5"
TI,TI-8,TI-8,STEP,"Effective date, Step 1, Step 2, Step 3, Step 4, Step 5"
TR,TR-01 - Annual Rates of Pay (in dollars),TR-01,STEP,"Effective Date, Step 1, Step 2, Step 3, Step 4, Step 5"
TR,TR-02 - Annual Rates of Pay (in dollars),TR-02,STEP,"Effective Date, Step 1, Step 2, Step 3, Step 4, Step 5, Step 6"
TR,TR-02 - Annual Rates of Pay (in dollars) - continued,TR-02,STEP_CONTINUATION,"Effective Date, Step 7, Step 8"
TR,TR-03 - Annual Rates of Pay (in dollars),TR-03,STEP,"Effective Date, Step 1, Step 2, Step 3, Step 4, Step 5"
TR,TR-03 - Annual Rates of Pay (in dollars) - continued,TR-03,STEP_CONTINUATION,"Effective Date, Step 6, Step 7"
TR,TR-04 - Annual Rates of Pay (in dollars),TR-04,STEP,"Effective Date, Step 1, Step 2, Step 3, Step 4, Step 5, Step 6"
TR,TR-04 - Annual Rates of Pay (in dollars) - continued,TR-04,STEP_CONTINUATION,"Effective Date, Step 7, Step 8"
TR,TR-05 - Annual Rates of Pay (in dollars),TR-05,STEP,"Effective Date, Step 1, Step 2, Step 3, Step 4, Step 5"
UT,"UT-1: annual rates of pay (in dollars), Steps 1 to 8",UT-1,STEP,"Effective Date, Step 1, Step 2, Step 3, Step 4, Step 5, Step 6, Step 7, Step 8"
UT,"UT-1: annual rates of pay (in dollars), Steps 9 to 15",UT-1,STEP_CONTINUATION,"Effective Date, Step 9, Step 10, Step 11, Step 12, Step 13, Step 14, Step 15"
UT,"UT-2: annual rates of pay (in dollars), Steps 1 to 8",UT-2,STEP,"Effective Date, Step 1, Step 2, Step 3, Step 4, Step 5, Step 6, Step 7, Step 8"
UT,"UT-2: annual rates of pay (in dollars), Steps 9 to 16",UT-2,STEP_CONTINUATION,"Effective Date, Step 9, Step 10, Step 11, Step 12, Step 13, Step 14, Step 15, Step 16"
UT,"UT-3: annual rates of pay (in dollars), Steps 1 to 8",UT-3,STEP,"Effective Date, Step 1, Step 2, Step 3, Step 4, Step 5, Step 6, Step 7, Step 8"
UT,"UT-3: annual rates of pay (in dollars), Steps 9 to 16",UT-3,STEP_CONTINUATION,"Effective Date, Step 9, Step 10, Step 11, Step 12, Step 13, Step 14, Step 15, Step 16"
UT,"UT-4: annual rates of pay (in dollars), Steps 1 to 10",UT-4,STEP,"Effective Date, Step 1, Step 2, Step 3, Step 4, Step 5, Step 6, Step 7, Step 8, Step 9, Step 10"
UT,"UT-4: annual rates of pay (in dollars), Steps 11 to 19",UT-4,STEP,"Effective Date, Step 11, Step 12, Step 13, Step 14, Step 15, Step 16, Step 17, Step 18, Step 19"
VM,VM-1: annual rates of pay (in dollars),VM-1,STEP,"Effective date, Step 1, Step 2, Step 3, Step 4, Step 5, Step 6"
VM,VM-2: annual rates of pay (in dollars),VM-2,STEP,"Effective date, Step 1, Step 2, Step 3, Step 4, Step 5, Step 6"
VM,VM-3: annual rates of pay (in dollars),VM-3,STEP,"Effective date, Step 1, Step 2, Step 3, Step 4, Step 5, Step 6"
VM,VM-4: annual rates of pay (in dollars),VM-4,STEP,"Effective date, Step 1, Step 2, Step 3, Step 4, Step 5, Step 6"
VM,VM-5: annual rates of pay (in dollars),VM-5,STEP,"Effective date, Step 1, Step 2, Step 3, Step 4, Step 5, Step 6"
WP,WP-1 – Annual rates of pay (in dollars),WP-1,STEP,"Effective date, Step 1, Step 2, Step 3, Step 4, Step 5, Step 6"
WP,WP-1 – Annual rates of pay (in dollars) (continued),WP-1,STEP_CONTINUATION,"Effective date, Step 7, Step 8, Step 9, Step 10"
WP,WP-2 – Annual rates of pay (in dollars),WP-2,STEP,"Effective date, Step 1, Step 2, Step 3, Step 4, Step 5, Step 6"
WP,WP-2 – Annual rates of pay (in dollars) (continued),WP-2,STEP_CONTINUATION,"Effective date, Step 7, Step 8, Step 9"
WP,WP-3 – Annual rates of pay (in dollars),WP-3,STEP,"Effective date, Step 1, Step 2, Step 3, Step 4, Step 5, Step 6"
WP,WP-3 – Annual rates of pay (in dollars) (continued),WP-3,STEP_CONTINUATION,"Effective date, Step 7, Step 8"
WP,WP-4 – Annual rates of pay (in dollars),WP-4,STEP,"Effective date, Step 1, Step 2, Step 3, Step 4, Step 5, Step 6"
WP,WP-4 – Annual rates of pay (in dollars) (continued),WP-4,STEP_CONTINUATION,"Effective date, Step 7, Step 8"
WP,WP-5 – Annual rates of pay (in dollars),WP-5,STEP,"Effective date, Step 1, Step 2, Step 3, Step 4, Step 5, Step 6, Step 7"
WP,WP-6 – Annual rates of pay (in dollars),WP-6,STEP,"Effective date, Step 1, Step 2, Step 3, Step 4, Step 5, Step 6"
